"Time","china holidays"
"2026-01-01",0
"2026-01-02",0
"2026-01-03",0
"2026-01-04",0
"2026-01-05",50
"2026-01-06",51
"2026-01-07",59
"2026-01-08",0
"2026-01-09",0
"2026-01-10",0
"2026-01-11",0
"2026-01-12",0
"2026-01-13",0
"2026-01-14",48
"2026-01-15",0
"2026-01-16",43
"2026-01-17",47
"2026-01-18",0
"2026-01-19",65
"2026-01-20",0
"2026-01-21",57
"2026-01-22",68
"2026-01-23",0
"2026-01-24",0
"2026-01-25",0
"2026-01-26",59
"2026-01-27",39
"2026-01-28",72
"2026-01-29",100
"2026-01-30",48
"2026-01-31",0
"2026-02-01",0
"2026-02-02",43
"2026-02-03",45
"2026-02-04",52
"2026-02-05",0
"2026-02-06",66
"2026-02-07",0
"2026-02-08",40
"2026-02-09",55
"2026-02-10",0
"2026-02-11",41
"2026-02-12",58
"2026-02-13",0
"2026-02-14",47
"2026-02-15",0
"2026-02-16",72
"2026-02-17",70
"2026-02-18",54
"2026-02-19",0
"2026-02-20",55
"2026-02-21",0
"2026-02-22",0
"2026-02-23",74
"2026-02-24",0
"2026-02-25",33
"2026-02-26",0
"2026-02-27",0
"2026-02-28",0
"2026-03-01",61
"2026-03-02",0
"2026-03-03",0
"2026-03-04",0
"2026-03-05",41
"2026-03-06",0
"2026-03-07",0
"2026-03-08",43
"2026-03-09",0
"2026-03-10",0
"2026-03-11",74
"2026-03-12",0
"2026-03-13",46
"2026-03-14",0
"2026-03-15",48
"2026-03-16",0
"2026-03-17",23
"2026-03-18",25
"2026-03-19",23
"2026-03-20",23
"2026-03-21",21
"2026-03-22",24
"2026-03-23",23
"2026-03-24",23
"2026-03-25",24
"2026-03-26",25
"2026-03-27",24
"2026-03-28",20
"2026-03-29",31
"2026-03-30",28
"2026-03-31",30